Country,CountryCode,SeriesName,SeriesCode,GDP_Growth,Year
Bangladesh,BGD,GDP growth (annual %),NY.GDP.MKTP.KD.ZG,5.61985229282153,1970
Bangladesh,BGD,GDP growth (annual %),NY.GDP.MKTP.KD.ZG,-5.47948302722807,1971
Bangladesh,BGD,GDP growth (annual %),NY.GDP.MKTP.KD.ZG,-13.9737287020561,1972
Bangladesh,BGD,GDP growth (annual %),NY.GDP.MKTP.KD.ZG,3.32568019881434,1973
Bangladesh,BGD,GDP growth (annual %),NY.GDP.MKTP.KD.ZG,9.59195630039562,1974
Bangladesh,BGD,GDP growth (annual %),NY.GDP.MKTP.KD.ZG,-4.08821409181246,1975
Bangladesh,BGD,GDP growth (annual %),NY.GDP.MKTP.KD.ZG,5.66136120118878,1976
Bangladesh,BGD,GDP growth (annual %),NY.GDP.MKTP.KD.ZG,2.67305605004213,1977
Bangladesh,BGD,GDP growth (annual %),NY.GDP.MKTP.KD.ZG,7.07383773259727,1978
Bangladesh,BGD,GDP growth (annual %),NY.GDP.MKTP.KD.ZG,4.80163460054837,1979
Bangladesh,BGD,GDP growth (annual %),NY.GDP.MKTP.KD.ZG,0.819141868916631,1980
Bangladesh,BGD,GDP growth (annual %),NY.GDP.MKTP.KD.ZG,7.23394369489792,1981
Bangladesh,BGD,GDP growth (annual %),NY.GDP.MKTP.KD.ZG,2.13432783577548,1982
Bangladesh,BGD,GDP growth (annual %),NY.GDP.MKTP.KD.ZG,3.88104639980884,1983
Bangladesh,BGD,GDP growth (annual %),NY.GDP.MKTP.KD.ZG,4.80331001525171,1984
Bangladesh,BGD,GDP growth (annual %),NY.GDP.MKTP.KD.ZG,3.34201465416713,1985
Bangladesh,BGD,GDP growth (annual %),NY.GDP.MKTP.KD.ZG,4.17338255900151,1986
Bangladesh,BGD,GDP growth (annual %),NY.GDP.MKTP.KD.ZG,3.77240185251682,1987
Bangladesh,BGD,GDP growth (annual %),NY.GDP.MKTP.KD.ZG,2.41625685565774,1988
Bangladesh,BGD,GDP growth (annual %),NY.GDP.MKTP.KD.ZG,2.83658212908817,1989
Bangladesh,BGD,GDP growth (annual %),NY.GDP.MKTP.KD.ZG,5.62225816160344,1990
Bangladesh,BGD,GDP growth (annual %),NY.GDP.MKTP.KD.ZG,3.48522781598027,1991
Bangladesh,BGD,GDP growth (annual %),NY.GDP.MKTP.KD.ZG,5.44268554966725,1992
Bangladesh,BGD,GDP growth (annual %),NY.GDP.MKTP.KD.ZG,4.71156172453999,1993
Bangladesh,BGD,GDP growth (annual %),NY.GDP.MKTP.KD.ZG,3.89012644116818,1994
Bangladesh,BGD,GDP growth (annual %),NY.GDP.MKTP.KD.ZG,5.12127789724337,1995
Bangladesh,BGD,GDP growth (annual %),NY.GDP.MKTP.KD.ZG,4.52291921684423,1996
Bangladesh,BGD,GDP growth (annual %),NY.GDP.MKTP.KD.ZG,4.4898964976265,1997
Bangladesh,BGD,GDP growth (annual %),NY.GDP.MKTP.KD.ZG,5.1770268731498,1998
Bangladesh,BGD,GDP growth (annual %),NY.GDP.MKTP.KD.ZG,4.67015636882111,1999
Bangladesh,BGD,GDP growth (annual %),NY.GDP.MKTP.KD.ZG,5.29329471892532,2000
Bangladesh,BGD,GDP growth (annual %),NY.GDP.MKTP.KD.ZG,5.07728777526728,2001
Bangladesh,BGD,GDP growth (annual %),NY.GDP.MKTP.KD.ZG,3.83312393993225,2002
Bangladesh,BGD,GDP growth (annual %),NY.GDP.MKTP.KD.ZG,4.73956739963045,2003
Bangladesh,BGD,GDP growth (annual %),NY.GDP.MKTP.KD.ZG,5.23953291029852,2004
Bangladesh,BGD,GDP growth (annual %),NY.GDP.MKTP.KD.ZG,6.53594493875502,2005
Bangladesh,BGD,GDP growth (annual %),NY.GDP.MKTP.KD.ZG,6.67190498576788,2006
Bangladesh,BGD,GDP growth (annual %),NY.GDP.MKTP.KD.ZG,7.05859935449848,2007
Bangladesh,BGD,GDP growth (annual %),NY.GDP.MKTP.KD.ZG,6.01378975738535,2008
Bangladesh,BGD,GDP growth (annual %),NY.GDP.MKTP.KD.ZG,5.04512479919337,2009
Bangladesh,BGD,GDP growth (annual %),NY.GDP.MKTP.KD.ZG,5.57178818533122,2010
Bangladesh,BGD,GDP growth (annual %),NY.GDP.MKTP.KD.ZG,6.46437912497728,2011
Bangladesh,BGD,GDP growth (annual %),NY.GDP.MKTP.KD.ZG,6.52145877906443,2012
Bangladesh,BGD,GDP growth (annual %),NY.GDP.MKTP.KD.ZG,6.01360565834344,2013
Bangladesh,BGD,GDP growth (annual %),NY.GDP.MKTP.KD.ZG,6.0610593588495,2014
Bangladesh,BGD,GDP growth (annual %),NY.GDP.MKTP.KD.ZG,6.55263987816197,2015
Bangladesh,BGD,GDP growth (annual %),NY.GDP.MKTP.KD.ZG,7.11347821270093,2016
Bangladesh,BGD,GDP growth (annual %),NY.GDP.MKTP.KD.ZG,6.59024999794057,2017
Bangladesh,BGD,GDP growth (annual %),NY.GDP.MKTP.KD.ZG,7.31941263014136,2018
Bangladesh,BGD,GDP growth (annual %),NY.GDP.MKTP.KD.ZG,7.88191515117722,2019
Bangladesh,BGD,GDP growth (annual %),NY.GDP.MKTP.KD.ZG,3.44801755122445,2020
Bangladesh,BGD,GDP growth (annual %),NY.GDP.MKTP.KD.ZG,6.93867912442445,2021
Bangladesh,BGD,GDP growth (annual %),NY.GDP.MKTP.KD.ZG,7.09982877575158,2022
Bangladesh,BGD,GDP growth (annual %),NY.GDP.MKTP.KD.ZG,5.77511237007889,2023
Brazil,BRA,GDP growth (annual %),NY.GDP.MKTP.KD.ZG,10.4,1970
Brazil,BRA,GDP growth (annual %),NY.GDP.MKTP.KD.ZG,11.3429219931908,1971
Brazil,BRA,GDP growth (annual %),NY.GDP.MKTP.KD.ZG,11.9403481162508,1972
Brazil,BRA,GDP growth (annual %),NY.GDP.MKTP.KD.ZG,13.9687217796782,1973
Brazil,BRA,GDP growth (annual %),NY.GDP.MKTP.KD.ZG,8.15393868457201,1974
Brazil,BRA,GDP growth (annual %),NY.GDP.MKTP.KD.ZG,5.16664908406321,1975
Brazil,BRA,GDP growth (annual %),NY.GDP.MKTP.KD.ZG,10.2571295347867,1976
Brazil,BRA,GDP growth (annual %),NY.GDP.MKTP.KD.ZG,4.93432806978961,1977
Brazil,BRA,GDP growth (annual %),NY.GDP.MKTP.KD.ZG,4.96989768924738,1978
Brazil,BRA,GDP growth (annual %),NY.GDP.MKTP.KD.ZG,6.7595601220408,1979
Brazil,BRA,GDP growth (annual %),NY.GDP.MKTP.KD.ZG,9.19999999999976,1980
Brazil,BRA,GDP growth (annual %),NY.GDP.MKTP.KD.ZG,-4.24999999999956,1981
Brazil,BRA,GDP growth (annual %),NY.GDP.MKTP.KD.ZG,0.829999999999529,1982
Brazil,BRA,GDP growth (annual %),NY.GDP.MKTP.KD.ZG,-2.92999999999996,1983
Brazil,BRA,GDP growth (annual %),NY.GDP.MKTP.KD.ZG,5.39999999999988,1984
Brazil,BRA,GDP growth (annual %),NY.GDP.MKTP.KD.ZG,7.85000000000042,1985
Brazil,BRA,GDP growth (annual %),NY.GDP.MKTP.KD.ZG,7.48999999999982,1986
Brazil,BRA,GDP growth (annual %),NY.GDP.MKTP.KD.ZG,3.52999999999983,1987
Brazil,BRA,GDP growth (annual %),NY.GDP.MKTP.KD.ZG,-0.059999999999917,1988
Brazil,BRA,GDP growth (annual %),NY.GDP.MKTP.KD.ZG,3.16000000000032,1989
Brazil,BRA,GDP growth (annual %),NY.GDP.MKTP.KD.ZG,-4.35000000000022,1990
Brazil,BRA,GDP growth (annual %),NY.GDP.MKTP.KD.ZG,1.03218958549303,1991
Brazil,BRA,GDP growth (annual %),NY.GDP.MKTP.KD.ZG,-0.54407204977727,1992
Brazil,BRA,GDP growth (annual %),NY.GDP.MKTP.KD.ZG,4.9246900037071,1993
Brazil,BRA,GDP growth (annual %),NY.GDP.MKTP.KD.ZG,5.85287036219013,1994
Brazil,BRA,GDP growth (annual %),NY.GDP.MKTP.KD.ZG,4.22379363350413,1995
Brazil,BRA,GDP growth (annual %),NY.GDP.MKTP.KD.ZG,2.20886405039022,1996
Brazil,BRA,GDP growth (annual %),NY.GDP.MKTP.KD.ZG,3.39484598630671,1997
Brazil,BRA,GDP growth (annual %),NY.GDP.MKTP.KD.ZG,0.338097901207306,1998
Brazil,BRA,GDP growth (annual %),NY.GDP.MKTP.KD.ZG,0.467937566477133,1999
Brazil,BRA,GDP growth (annual %),NY.GDP.MKTP.KD.ZG,4.38794944745618,2000
Brazil,BRA,GDP growth (annual %),NY.GDP.MKTP.KD.ZG,1.38989640095637,2001
Brazil,BRA,GDP growth (annual %),NY.GDP.MKTP.KD.ZG,3.05346185909312,2002
Brazil,BRA,GDP growth (annual %),NY.GDP.MKTP.KD.ZG,1.14082899824888,2003
Brazil,BRA,GDP growth (annual %),NY.GDP.MKTP.KD.ZG,5.75996463670954,2004
Brazil,BRA,GDP growth (annual %),NY.GDP.MKTP.KD.ZG,3.20213206130431,2005
Brazil,BRA,GDP growth (annual %),NY.GDP.MKTP.KD.ZG,3.96198871122617,2006
Brazil,BRA,GDP growth (annual %),NY.GDP.MKTP.KD.ZG,6.06987060678338,2007
Brazil,BRA,GDP growth (annual %),NY.GDP.MKTP.KD.ZG,5.09419544658736,2008
Brazil,BRA,GDP growth (annual %),NY.GDP.MKTP.KD.ZG,-0.125812002161169,2009
Brazil,BRA,GDP growth (annual %),NY.GDP.MKTP.KD.ZG,7.52822581815364,2010
Brazil,BRA,GDP growth (annual %),NY.GDP.MKTP.KD.ZG,3.97442307944702,2011
Brazil,BRA,GDP growth (annual %),NY.GDP.MKTP.KD.ZG,1.92117598576537,2012
Brazil,BRA,GDP growth (annual %),NY.GDP.MKTP.KD.ZG,3.00482266944432,2013
Brazil,BRA,GDP growth (annual %),NY.GDP.MKTP.KD.ZG,0.503955740242247,2014
Brazil,BRA,GDP growth (annual %),NY.GDP.MKTP.KD.ZG,-3.54576339269425,2015
Brazil,BRA,GDP growth (annual %),NY.GDP.MKTP.KD.ZG,-3.27591690782192,2016
Brazil,BRA,GDP growth (annual %),NY.GDP.MKTP.KD.ZG,1.32286905404399,2017
Brazil,BRA,GDP growth (annual %),NY.GDP.MKTP.KD.ZG,1.783666761634,2018
Brazil,BRA,GDP growth (annual %),NY.GDP.MKTP.KD.ZG,1.22077782360842,2019
Brazil,BRA,GDP growth (annual %),NY.GDP.MKTP.KD.ZG,-3.2767587964736,2020
Brazil,BRA,GDP growth (annual %),NY.GDP.MKTP.KD.ZG,4.76260437908608,2021
Brazil,BRA,GDP growth (annual %),NY.GDP.MKTP.KD.ZG,3.01669435393015,2022
Brazil,BRA,GDP growth (annual %),NY.GDP.MKTP.KD.ZG,3.24165532906981,2023
China,CHN,GDP growth (annual %),NY.GDP.MKTP.KD.ZG,19.2999999967022,1970
China,CHN,GDP growth (annual %),NY.GDP.MKTP.KD.ZG,7.05999999853672,1971
China,CHN,GDP growth (annual %),NY.GDP.MKTP.KD.ZG,3.81000000021984,1972
China,CHN,GDP growth (annual %),NY.GDP.MKTP.KD.ZG,7.76000000084325,1973
China,CHN,GDP growth (annual %),NY.GDP.MKTP.KD.ZG,2.31000000294736,1974
China,CHN,GDP growth (annual %),NY.GDP.MKTP.KD.ZG,8.71999999747992,1975
China,CHN,GDP growth (annual %),NY.GDP.MKTP.KD.ZG,-1.57000000165326,1976
China,CHN,GDP growth (annual %),NY.GDP.MKTP.KD.ZG,7.57000000138403,1977
China,CHN,GDP growth (annual %),NY.GDP.MKTP.KD.ZG,11.3259779878892,1978
China,CHN,GDP growth (annual %),NY.GDP.MKTP.KD.ZG,7.59132468000007,1979
China,CHN,GDP growth (annual %),NY.GDP.MKTP.KD.ZG,7.83414501593799,1980
China,CHN,GDP growth (annual %),NY.GDP.MKTP.KD.ZG,5.11276109058952,1981
China,CHN,GDP growth (annual %),NY.GDP.MKTP.KD.ZG,9.05928417062999,1982
China,CHN,GDP growth (annual %),NY.GDP.MKTP.KD.ZG,10.7273706842105,1983
China,CHN,GDP growth (annual %),NY.GDP.MKTP.KD.ZG,15.2325609955089,1984
China,CHN,GDP growth (annual %),NY.GDP.MKTP.KD.ZG,13.435474366529,1985
China,CHN,GDP growth (annual %),NY.GDP.MKTP.KD.ZG,8.93506493506504,1986
China,CHN,GDP growth (annual %),NY.GDP.MKTP.KD.ZG,11.6282225655699,1987
China,CHN,GDP growth (annual %),NY.GDP.MKTP.KD.ZG,11.2225949825209,1988
China,CHN,GDP growth (annual %),NY.GDP.MKTP.KD.ZG,4.20633435547828,1989
China,CHN,GDP growth (annual %),NY.GDP.MKTP.KD.ZG,3.9416305983694,1990
China,CHN,GDP growth (annual %),NY.GDP.MKTP.KD.ZG,9.36170212784847,1991
China,CHN,GDP growth (annual %),NY.GDP.MKTP.KD.ZG,14.2996108947926,1992
China,CHN,GDP growth (annual %),NY.GDP.MKTP.KD.ZG,13.9290780143689,1993
China,CHN,GDP growth (annual %),NY.GDP.MKTP.KD.ZG,13.0727091631599,1994
China,CHN,GDP growth (annual %),NY.GDP.MKTP.KD.ZG,11.0328121562746,1995
China,CHN,GDP growth (annual %),NY.GDP.MKTP.KD.ZG,9.97619992053447,1996
China,CHN,GDP growth (annual %),NY.GDP.MKTP.KD.ZG,9.2876465280865,1997
China,CHN,GDP growth (annual %),NY.GDP.MKTP.KD.ZG,7.92079207933551,1998
China,CHN,GDP growth (annual %),NY.GDP.MKTP.KD.ZG,7.7370030581299,1999
China,CHN,GDP growth (annual %),NY.GDP.MKTP.KD.ZG,8.58643201808462,2000
China,CHN,GDP growth (annual %),NY.GDP.MKTP.KD.ZG,8.31263887091522,2001
China,CHN,GDP growth (annual %),NY.GDP.MKTP.KD.ZG,9.24339326638321,2002
China,CHN,GDP growth (annual %),NY.GDP.MKTP.KD.ZG,10.1181928640117,2003
China,CHN,GDP growth (annual %),NY.GDP.MKTP.KD.ZG,10.1314073631003,2004
China,CHN,GDP growth (annual %),NY.GDP.MKTP.KD.ZG,11.458238455067,2005
China,CHN,GDP growth (annual %),NY.GDP.MKTP.KD.ZG,12.6746751655235,2006
China,CHN,GDP growth (annual %),NY.GDP.MKTP.KD.ZG,14.1499854947127,2007
China,CHN,GDP growth (annual %),NY.GDP.MKTP.KD.ZG,9.67024588602851,2008
China,CHN,GDP growth (annual %),NY.GDP.MKTP.KD.ZG,9.40269972778044,2009
China,CHN,GDP growth (annual %),NY.GDP.MKTP.KD.ZG,10.5962719761682,2010
China,CHN,GDP growth (annual %),NY.GDP.MKTP.KD.ZG,9.4613358870736,2011
China,CHN,GDP growth (annual %),NY.GDP.MKTP.KD.ZG,7.85617427055587,2012
China,CHN,GDP growth (annual %),NY.GDP.MKTP.KD.ZG,7.77872409446717,2013
China,CHN,GDP growth (annual %),NY.GDP.MKTP.KD.ZG,7.46190028229434,2014
China,CHN,GDP growth (annual %),NY.GDP.MKTP.KD.ZG,6.97878002657477,2015
China,CHN,GDP growth (annual %),NY.GDP.MKTP.KD.ZG,6.77555562837017,2016
China,CHN,GDP growth (annual %),NY.GDP.MKTP.KD.ZG,6.8912663621211,2017
China,CHN,GDP growth (annual %),NY.GDP.MKTP.KD.ZG,6.75671800166833,2018
China,CHN,GDP growth (annual %),NY.GDP.MKTP.KD.ZG,6.06850235053705,2019
China,CHN,GDP growth (annual %),NY.GDP.MKTP.KD.ZG,2.34018843078414,2020
China,CHN,GDP growth (annual %),NY.GDP.MKTP.KD.ZG,8.57008513166322,2021
China,CHN,GDP growth (annual %),NY.GDP.MKTP.KD.ZG,3.1341888719577,2022
China,CHN,GDP growth (annual %),NY.GDP.MKTP.KD.ZG,5.41484330099675,2023
Germany,DEU,GDP growth (annual %),NY.GDP.MKTP.KD.ZG,5.10314454468504,1970
Germany,DEU,GDP growth (annual %),NY.GDP.MKTP.KD.ZG,3.13269979897395,1971
Germany,DEU,GDP growth (annual %),NY.GDP.MKTP.KD.ZG,4.30034130133481,1972
Germany,DEU,GDP growth (annual %),NY.GDP.MKTP.KD.ZG,4.77748688792387,1973
Germany,DEU,GDP growth (annual %),NY.GDP.MKTP.KD.ZG,0.890068708892883,1974
Germany,DEU,GDP growth (annual %),NY.GDP.MKTP.KD.ZG,-0.866738910077046,1975
Germany,DEU,GDP growth (annual %),NY.GDP.MKTP.KD.ZG,4.94925841964529,1976
Germany,DEU,GDP growth (annual %),NY.GDP.MKTP.KD.ZG,3.34721807378358,1977
Germany,DEU,GDP growth (annual %),NY.GDP.MKTP.KD.ZG,3.00849288090146,1978
Germany,DEU,GDP growth (annual %),NY.GDP.MKTP.KD.ZG,4.15036330963736,1979
Germany,DEU,GDP growth (annual %),NY.GDP.MKTP.KD.ZG,1.40882865694267,1980
Germany,DEU,GDP growth (annual %),NY.GDP.MKTP.KD.ZG,0.529240572519726,1981
Germany,DEU,GDP growth (annual %),NY.GDP.MKTP.KD.ZG,-0.394840785357886,1982
Germany,DEU,GDP growth (annual %),NY.GDP.MKTP.KD.ZG,1.57241014877407,1983
Germany,DEU,GDP growth (annual %),NY.GDP.MKTP.KD.ZG,2.82294785741442,1984
Germany,DEU,GDP growth (annual %),NY.GDP.MKTP.KD.ZG,2.32793518918379,1985
Germany,DEU,GDP growth (annual %),NY.GDP.MKTP.KD.ZG,2.28733927623549,1986
Germany,DEU,GDP growth (annual %),NY.GDP.MKTP.KD.ZG,1.40215160945998,1987
Germany,DEU,GDP growth (annual %),NY.GDP.MKTP.KD.ZG,3.70723564999483,1988
Germany,DEU,GDP growth (annual %),NY.GDP.MKTP.KD.ZG,3.89655171515797,1989
Germany,DEU,GDP growth (annual %),NY.GDP.MKTP.KD.ZG,5.25500609657068,1990
Germany,DEU,GDP growth (annual %),NY.GDP.MKTP.KD.ZG,5.10826150662902,1991
Germany,DEU,GDP growth (annual %),NY.GDP.MKTP.KD.ZG,2.01418423268822,1992
Germany,DEU,GDP growth (annual %),NY.GDP.MKTP.KD.ZG,-0.973303672314501,1993
Germany,DEU,GDP growth (annual %),NY.GDP.MKTP.KD.ZG,2.59758495227749,1994
Germany,DEU,GDP growth (annual %),NY.GDP.MKTP.KD.ZG,1.50540577767291,1995
Germany,DEU,GDP growth (annual %),NY.GDP.MKTP.KD.ZG,1.03815582464068,1996
Germany,DEU,GDP growth (annual %),NY.GDP.MKTP.KD.ZG,1.8548172630131,1997
Germany,DEU,GDP growth (annual %),NY.GDP.MKTP.KD.ZG,2.0961614012438,1998
Germany,DEU,GDP growth (annual %),NY.GDP.MKTP.KD.ZG,2.13011669389533,1999
Germany,DEU,GDP growth (annual %),NY.GDP.MKTP.KD.ZG,2.87724595591061,2000
Germany,DEU,GDP growth (annual %),NY.GDP.MKTP.KD.ZG,1.63654099437316,2001
Germany,DEU,GDP growth (annual %),NY.GDP.MKTP.KD.ZG,-0.228310223930706,2002
Germany,DEU,GDP growth (annual %),NY.GDP.MKTP.KD.ZG,-0.529929010433477,2003
Germany,DEU,GDP growth (annual %),NY.GDP.MKTP.KD.ZG,1.16236825444811,2004
Germany,DEU,GDP growth (annual %),NY.GDP.MKTP.KD.ZG,0.885697256705441,2005
Germany,DEU,GDP growth (annual %),NY.GDP.MKTP.KD.ZG,3.85573614635729,2006
Germany,DEU,GDP growth (annual %),NY.GDP.MKTP.KD.ZG,2.89010717888073,2007
Germany,DEU,GDP growth (annual %),NY.GDP.MKTP.KD.ZG,0.910403214153277,2008
Germany,DEU,GDP growth (annual %),NY.GDP.MKTP.KD.ZG,-5.54516454479311,2009
Germany,DEU,GDP growth (annual %),NY.GDP.MKTP.KD.ZG,4.14676755040489,2010
Germany,DEU,GDP growth (annual %),NY.GDP.MKTP.KD.ZG,3.75796884487347,2011
Germany,DEU,GDP growth (annual %),NY.GDP.MKTP.KD.ZG,0.47429132103845,2012
Germany,DEU,GDP growth (annual %),NY.GDP.MKTP.KD.ZG,0.386224592046474,2013
Germany,DEU,GDP growth (annual %),NY.GDP.MKTP.KD.ZG,2.16949889758517,2014
Germany,DEU,GDP growth (annual %),NY.GDP.MKTP.KD.ZG,1.65271978656361,2015
Germany,DEU,GDP growth (annual %),NY.GDP.MKTP.KD.ZG,2.29471066413561,2016
Germany,DEU,GDP growth (annual %),NY.GDP.MKTP.KD.ZG,2.71602454639843,2017
Germany,DEU,GDP growth (annual %),NY.GDP.MKTP.KD.ZG,1.11644310902427,2018
Germany,DEU,GDP growth (annual %),NY.GDP.MKTP.KD.ZG,0.987893350164853,2019
Germany,DEU,GDP growth (annual %),NY.GDP.MKTP.KD.ZG,-4.09513751682526,2020
Germany,DEU,GDP growth (annual %),NY.GDP.MKTP.KD.ZG,3.6699998840452,2021
Germany,DEU,GDP growth (annual %),NY.GDP.MKTP.KD.ZG,1.36973104612758,2022
Germany,DEU,GDP growth (annual %),NY.GDP.MKTP.KD.ZG,-0.266438401180253,2023
India,IND,GDP growth (annual %),NY.GDP.MKTP.KD.ZG,5.15722973718955,1970
India,IND,GDP growth (annual %),NY.GDP.MKTP.KD.ZG,1.64293037527582,1971
India,IND,GDP growth (annual %),NY.GDP.MKTP.KD.ZG,-0.553301305344547,1972
India,IND,GDP growth (annual %),NY.GDP.MKTP.KD.ZG,3.29552113471652,1973
India,IND,GDP growth (annual %),NY.GDP.MKTP.KD.ZG,1.18533625466961,1974
India,IND,GDP growth (annual %),NY.GDP.MKTP.KD.ZG,9.14991201570659,1975
India,IND,GDP growth (annual %),NY.GDP.MKTP.KD.ZG,1.66310363813034,1976
India,IND,GDP growth (annual %),NY.GDP.MKTP.KD.ZG,7.25476458760367,1977
India,IND,GDP growth (annual %),NY.GDP.MKTP.KD.ZG,5.71253208869331,1978
India,IND,GDP growth (annual %),NY.GDP.MKTP.KD.ZG,-5.23818270446218,1979
India,IND,GDP growth (annual %),NY.GDP.MKTP.KD.ZG,6.7358215288198,1980
India,IND,GDP growth (annual %),NY.GDP.MKTP.KD.ZG,6.00620362601497,1981
India,IND,GDP growth (annual %),NY.GDP.MKTP.KD.ZG,3.47573323969961,1982
India,IND,GDP growth (annual %),NY.GDP.MKTP.KD.ZG,7.28889290305703,1983
India,IND,GDP growth (annual %),NY.GDP.MKTP.KD.ZG,3.82073785610604,1984
India,IND,GDP growth (annual %),NY.GDP.MKTP.KD.ZG,5.25429922311382,1985
India,IND,GDP growth (annual %),NY.GDP.MKTP.KD.ZG,4.77656416847516,1986
India,IND,GDP growth (annual %),NY.GDP.MKTP.KD.ZG,3.96535563481719,1987
India,IND,GDP growth (annual %),NY.GDP.MKTP.KD.ZG,9.62778291607844,1988
India,IND,GDP growth (annual %),NY.GDP.MKTP.KD.ZG,5.94734333181324,1989
India,IND,GDP growth (annual %),NY.GDP.MKTP.KD.ZG,5.53345456125301,1990
India,IND,GDP growth (annual %),NY.GDP.MKTP.KD.ZG,1.05683143496063,1991
India,IND,GDP growth (annual %),NY.GDP.MKTP.KD.ZG,5.48239602040357,1992
India,IND,GDP growth (annual %),NY.GDP.MKTP.KD.ZG,4.75077621776924,1993
India,IND,GDP growth (annual %),NY.GDP.MKTP.KD.ZG,6.65892407028434,1994
India,IND,GDP growth (annual %),NY.GDP.MKTP.KD.ZG,7.57449183788519,1995
India,IND,GDP growth (annual %),NY.GDP.MKTP.KD.ZG,7.54952224920051,1996
India,IND,GDP growth (annual %),NY.GDP.MKTP.KD.ZG,4.04982084998183,1997
India,IND,GDP growth (annual %),NY.GDP.MKTP.KD.ZG,6.18441582172117,1998
India,IND,GDP growth (annual %),NY.GDP.MKTP.KD.ZG,8.84575555939531,1999
India,IND,GDP growth (annual %),NY.GDP.MKTP.KD.ZG,3.84099115659129,2000
India,IND,GDP growth (annual %),NY.GDP.MKTP.KD.ZG,4.82396626555771,2001
India,IND,GDP growth (annual %),NY.GDP.MKTP.KD.ZG,3.80397532112175,2002
India,IND,GDP growth (annual %),NY.GDP.MKTP.KD.ZG,7.8603814759073,2003
India,IND,GDP growth (annual %),NY.GDP.MKTP.KD.ZG,7.92293661199932,2004
India,IND,GDP growth (annual %),NY.GDP.MKTP.KD.ZG,7.92343062148318,2005
India,IND,GDP growth (annual %),NY.GDP.MKTP.KD.ZG,8.06073257166651,2006
India,IND,GDP growth (annual %),NY.GDP.MKTP.KD.ZG,7.6608150670107,2007
India,IND,GDP growth (annual %),NY.GDP.MKTP.KD.ZG,3.08669805921981,2008
India,IND,GDP growth (annual %),NY.GDP.MKTP.KD.ZG,7.86188883286074,2009
India,IND,GDP growth (annual %),NY.GDP.MKTP.KD.ZG,8.49758470221235,2010
India,IND,GDP growth (annual %),NY.GDP.MKTP.KD.ZG,5.24131619937695,2011
India,IND,GDP growth (annual %),NY.GDP.MKTP.KD.ZG,5.45638755166587,2012
India,IND,GDP growth (annual %),NY.GDP.MKTP.KD.ZG,6.38610640094825,2013
India,IND,GDP growth (annual %),NY.GDP.MKTP.KD.ZG,7.41022760508854,2014
India,IND,GDP growth (annual %),NY.GDP.MKTP.KD.ZG,7.99625378571471,2015
India,IND,GDP growth (annual %),NY.GDP.MKTP.KD.ZG,8.25630550179086,2016
India,IND,GDP growth (annual %),NY.GDP.MKTP.KD.ZG,6.79538341897911,2017
India,IND,GDP growth (annual %),NY.GDP.MKTP.KD.ZG,6.45385134497769,2018
India,IND,GDP growth (annual %),NY.GDP.MKTP.KD.ZG,3.87143694070356,2019
India,IND,GDP growth (annual %),NY.GDP.MKTP.KD.ZG,-5.77772470686801,2020
India,IND,GDP growth (annual %),NY.GDP.MKTP.KD.ZG,9.68959249192875,2021
India,IND,GDP growth (annual %),NY.GDP.MKTP.KD.ZG,7.60936497768895,2022
India,IND,GDP growth (annual %),NY.GDP.MKTP.KD.ZG,9.19075493028345,2023
Kenya,KEN,GDP growth (annual %),NY.GDP.MKTP.KD.ZG,-4.65544691647621,1970
Kenya,KEN,GDP growth (annual %),NY.GDP.MKTP.KD.ZG,22.1738919255764,1971
Kenya,KEN,GDP growth (annual %),NY.GDP.MKTP.KD.ZG,17.082429349983,1972
Kenya,KEN,GDP growth (annual %),NY.GDP.MKTP.KD.ZG,5.89658021016672,1973
Kenya,KEN,GDP growth (annual %),NY.GDP.MKTP.KD.ZG,4.06561734893735,1974
Kenya,KEN,GDP growth (annual %),NY.GDP.MKTP.KD.ZG,0.882203175319148,1975
Kenya,KEN,GDP growth (annual %),NY.GDP.MKTP.KD.ZG,2.15396450322561,1976
Kenya,KEN,GDP growth (annual %),NY.GDP.MKTP.KD.ZG,9.45379784408087,1977
Kenya,KEN,GDP growth (annual %),NY.GDP.MKTP.KD.ZG,6.91249354626197,1978
Kenya,KEN,GDP growth (annual %),NY.GDP.MKTP.KD.ZG,7.61522604591983,1979
Kenya,KEN,GDP growth (annual %),NY.GDP.MKTP.KD.ZG,5.5919762059677,1980
Kenya,KEN,GDP growth (annual %),NY.GDP.MKTP.KD.ZG,3.77354419402822,1981
Kenya,KEN,GDP growth (annual %),NY.GDP.MKTP.KD.ZG,1.50647825757706,1982
Kenya,KEN,GDP growth (annual %),NY.GDP.MKTP.KD.ZG,1.3090502411486,1983
Kenya,KEN,GDP growth (annual %),NY.GDP.MKTP.KD.ZG,1.75521697703473,1984
Kenya,KEN,GDP growth (annual %),NY.GDP.MKTP.KD.ZG,4.30056181879613,1985
Kenya,KEN,GDP growth (annual %),NY.GDP.MKTP.KD.ZG,7.17755539065963,1986
Kenya,KEN,GDP growth (annual %),NY.GDP.MKTP.KD.ZG,5.93710744420895,1987
Kenya,KEN,GDP growth (annual %),NY.GDP.MKTP.KD.ZG,6.20318382314591,1988
Kenya,KEN,GDP growth (annual %),NY.GDP.MKTP.KD.ZG,4.69034876792047,1989
Kenya,KEN,GDP growth (annual %),NY.GDP.MKTP.KD.ZG,4.19205097155167,1990
Kenya,KEN,GDP growth (annual %),NY.GDP.MKTP.KD.ZG,1.43834679171559,1991
Kenya,KEN,GDP growth (annual %),NY.GDP.MKTP.KD.ZG,-0.799493958641349,1992
Kenya,KEN,GDP growth (annual %),NY.GDP.MKTP.KD.ZG,0.353197256227247,1993
Kenya,KEN,GDP growth (annual %),NY.GDP.MKTP.KD.ZG,2.632784517837,1994
Kenya,KEN,GDP growth (annual %),NY.GDP.MKTP.KD.ZG,4.40621652482287,1995
Kenya,KEN,GDP growth (annual %),NY.GDP.MKTP.KD.ZG,4.14683926876013,1996
Kenya,KEN,GDP growth (annual %),NY.GDP.MKTP.KD.ZG,0.474901921293579,1997
Kenya,KEN,GDP growth (annual %),NY.GDP.MKTP.KD.ZG,3.29021372249065,1998
Kenya,KEN,GDP growth (annual %),NY.GDP.MKTP.KD.ZG,2.30538859522412,1999
Kenya,KEN,GDP growth (annual %),NY.GDP.MKTP.KD.ZG,0.599695390807426,2000
Kenya,KEN,GDP growth (annual %),NY.GDP.MKTP.KD.ZG,3.77990649795343,2001
Kenya,KEN,GDP growth (annual %),NY.GDP.MKTP.KD.ZG,0.546859530175595,2002
Kenya,KEN,GDP growth (annual %),NY.GDP.MKTP.KD.ZG,2.93247554570904,2003
Kenya,KEN,GDP growth (annual %),NY.GDP.MKTP.KD.ZG,5.10429977629738,2004
Kenya,KEN,GDP growth (annual %),NY.GDP.MKTP.KD.ZG,5.90666607980057,2005
Kenya,KEN,GDP growth (annual %),NY.GDP.MKTP.KD.ZG,6.47249430015484,2006
Kenya,KEN,GDP growth (annual %),NY.GDP.MKTP.KD.ZG,6.85072976998784,2007
Kenya,KEN,GDP growth (annual %),NY.GDP.MKTP.KD.ZG,0.232282744812977,2008
Kenya,KEN,GDP growth (annual %),NY.GDP.MKTP.KD.ZG,3.30693981631089,2009
Kenya,KEN,GDP growth (annual %),NY.GDP.MKTP.KD.ZG,8.05847360290906,2010
Kenya,KEN,GDP growth (annual %),NY.GDP.MKTP.KD.ZG,5.1211061197056,2011
Kenya,KEN,GDP growth (annual %),NY.GDP.MKTP.KD.ZG,4.56867961444982,2012
Kenya,KEN,GDP growth (annual %),NY.GDP.MKTP.KD.ZG,3.7978483925754,2013
Kenya,KEN,GDP growth (annual %),NY.GDP.MKTP.KD.ZG,5.02011100232484,2014
Kenya,KEN,GDP growth (annual %),NY.GDP.MKTP.KD.ZG,4.96772112759767,2015
Kenya,KEN,GDP growth (annual %),NY.GDP.MKTP.KD.ZG,4.21351706814744,2016
Kenya,KEN,GDP growth (annual %),NY.GDP.MKTP.KD.ZG,3.83795817364721,2017
Kenya,KEN,GDP growth (annual %),NY.GDP.MKTP.KD.ZG,5.64794640709219,2018
Kenya,KEN,GDP growth (annual %),NY.GDP.MKTP.KD.ZG,5.11415885767801,2019
Kenya,KEN,GDP growth (annual %),NY.GDP.MKTP.KD.ZG,-0.272766327438816,2020
Kenya,KEN,GDP growth (annual %),NY.GDP.MKTP.KD.ZG,7.59048947333467,2021
Kenya,KEN,GDP growth (annual %),NY.GDP.MKTP.KD.ZG,4.85998104287999,2022
Kenya,KEN,GDP growth (annual %),NY.GDP.MKTP.KD.ZG,5.55587301319866,2023
Nigeria,NGA,GDP growth (annual %),NY.GDP.MKTP.KD.ZG,25.0072419293896,1970
Nigeria,NGA,GDP growth (annual %),NY.GDP.MKTP.KD.ZG,14.237531556251,1971
Nigeria,NGA,GDP growth (annual %),NY.GDP.MKTP.KD.ZG,3.36426203503635,1972
Nigeria,NGA,GDP growth (annual %),NY.GDP.MKTP.KD.ZG,5.39276048395909,1973
Nigeria,NGA,GDP growth (annual %),NY.GDP.MKTP.KD.ZG,11.1606745454861,1974
Nigeria,NGA,GDP growth (annual %),NY.GDP.MKTP.KD.ZG,-5.22774755532083,1975
Nigeria,NGA,GDP growth (annual %),NY.GDP.MKTP.KD.ZG,9.04235172630212,1976
Nigeria,NGA,GDP growth (annual %),NY.GDP.MKTP.KD.ZG,6.02411784954167,1977
Nigeria,NGA,GDP growth (annual %),NY.GDP.MKTP.KD.ZG,-5.76415839390285,1978
Nigeria,NGA,GDP growth (annual %),NY.GDP.MKTP.KD.ZG,6.75943093519176,1979
Nigeria,NGA,GDP growth (annual %),NY.GDP.MKTP.KD.ZG,4.20483104427296,1980
Nigeria,NGA,GDP growth (annual %),NY.GDP.MKTP.KD.ZG,-13.1278804850513,1981
Nigeria,NGA,GDP growth (annual %),NY.GDP.MKTP.KD.ZG,-6.80338881534813,1982
Nigeria,NGA,GDP growth (annual %),NY.GDP.MKTP.KD.ZG,-10.9240850339387,1983
Nigeria,NGA,GDP growth (annual %),NY.GDP.MKTP.KD.ZG,-1.11562321716823,1984
Nigeria,NGA,GDP growth (annual %),NY.GDP.MKTP.KD.ZG,5.91302745911383,1985
Nigeria,NGA,GDP growth (annual %),NY.GDP.MKTP.KD.ZG,0.0609452742067873,1986
Nigeria,NGA,GDP growth (annual %),NY.GDP.MKTP.KD.ZG,3.20012546702939,1987
Nigeria,NGA,GDP growth (annual %),NY.GDP.MKTP.KD.ZG,7.3340254875872,1988
Nigeria,NGA,GDP growth (annual %),NY.GDP.MKTP.KD.ZG,1.91938129589542,1989
Nigeria,NGA,GDP growth (annual %),NY.GDP.MKTP.KD.ZG,11.7768859342069,1990
Nigeria,NGA,GDP growth (annual %),NY.GDP.MKTP.KD.ZG,0.358352601660144,1991
Nigeria,NGA,GDP growth (annual %),NY.GDP.MKTP.KD.ZG,4.63119294607692,1992
Nigeria,NGA,GDP growth (annual %),NY.GDP.MKTP.KD.ZG,-2.03511877399136,1993
Nigeria,NGA,GDP growth (annual %),NY.GDP.MKTP.KD.ZG,-1.81492448525673,1994
Nigeria,NGA,GDP growth (annual %),NY.GDP.MKTP.KD.ZG,-0.0726647639378797,1995
Nigeria,NGA,GDP growth (annual %),NY.GDP.MKTP.KD.ZG,4.19592404660108,1996
Nigeria,NGA,GDP growth (annual %),NY.GDP.MKTP.KD.ZG,2.93709941924899,1997
Nigeria,NGA,GDP growth (annual %),NY.GDP.MKTP.KD.ZG,2.58125410192935,1998
Nigeria,NGA,GDP growth (annual %),NY.GDP.MKTP.KD.ZG,0.584126892918917,1999
Nigeria,NGA,GDP growth (annual %),NY.GDP.MKTP.KD.ZG,5.01593475931159,2000
Nigeria,NGA,GDP growth (annual %),NY.GDP.MKTP.KD.ZG,5.91768464920368,2001
Nigeria,NGA,GDP growth (annual %),NY.GDP.MKTP.KD.ZG,15.3291557409559,2002
Nigeria,NGA,GDP growth (annual %),NY.GDP.MKTP.KD.ZG,7.34719496799485,2003
Nigeria,NGA,GDP growth (annual %),NY.GDP.MKTP.KD.ZG,9.25055822917993,2004
Nigeria,NGA,GDP growth (annual %),NY.GDP.MKTP.KD.ZG,6.43851652538319,2005
Nigeria,NGA,GDP growth (annual %),NY.GDP.MKTP.KD.ZG,6.05942803202912,2006
Nigeria,NGA,GDP growth (annual %),NY.GDP.MKTP.KD.ZG,6.59113036068734,2007
Nigeria,NGA,GDP growth (annual %),NY.GDP.MKTP.KD.ZG,6.7644727778017,2008
Nigeria,NGA,GDP growth (annual %),NY.GDP.MKTP.KD.ZG,8.03692510099067,2009
Nigeria,NGA,GDP growth (annual %),NY.GDP.MKTP.KD.ZG,8.00565591628646,2010
Nigeria,NGA,GDP growth (annual %),NY.GDP.MKTP.KD.ZG,5.30792420289512,2011
Nigeria,NGA,GDP growth (annual %),NY.GDP.MKTP.KD.ZG,4.23006117493168,2012
Nigeria,NGA,GDP growth (annual %),NY.GDP.MKTP.KD.ZG,6.67133539306172,2013
Nigeria,NGA,GDP growth (annual %),NY.GDP.MKTP.KD.ZG,6.30971865525467,2014
Nigeria,NGA,GDP growth (annual %),NY.GDP.MKTP.KD.ZG,2.65269329543003,2015
Nigeria,NGA,GDP growth (annual %),NY.GDP.MKTP.KD.ZG,-1.61686894906529,2016
Nigeria,NGA,GDP growth (annual %),NY.GDP.MKTP.KD.ZG,0.80588661910221,2017
Nigeria,NGA,GDP growth (annual %),NY.GDP.MKTP.KD.ZG,1.92275734200651,2018
Nigeria,NGA,GDP growth (annual %),NY.GDP.MKTP.KD.ZG,2.20842927714881,2019
Nigeria,NGA,GDP growth (annual %),NY.GDP.MKTP.KD.ZG,-1.79425308274458,2020
Nigeria,NGA,GDP growth (annual %),NY.GDP.MKTP.KD.ZG,3.64718654072446,2021
Nigeria,NGA,GDP growth (annual %),NY.GDP.MKTP.KD.ZG,3.25168140827093,2022
Nigeria,NGA,GDP growth (annual %),NY.GDP.MKTP.KD.ZG,2.86021499108364,2023
United States,USA,GDP growth (annual %),NY.GDP.MKTP.KD.ZG,0.184619362250075,1970
United States,USA,GDP growth (annual %),NY.GDP.MKTP.KD.ZG,3.29272245024868,1971
United States,USA,GDP growth (annual %),NY.GDP.MKTP.KD.ZG,5.25550196715072,1972
United States,USA,GDP growth (annual %),NY.GDP.MKTP.KD.ZG,5.64567975906083,1973
United States,USA,GDP growth (annual %),NY.GDP.MKTP.KD.ZG,-0.540550189302294,1974
United States,USA,GDP growth (annual %),NY.GDP.MKTP.KD.ZG,-0.205619193188355,1975
United States,USA,GDP growth (annual %),NY.GDP.MKTP.KD.ZG,5.38803390599543,1976
United States,USA,GDP growth (annual %),NY.GDP.MKTP.KD.ZG,4.62418650861058,1977
United States,USA,GDP growth (annual %),NY.GDP.MKTP.KD.ZG,5.53520647919645,1978
United States,USA,GDP growth (annual %),NY.GDP.MKTP.KD.ZG,3.16598822778928,1979
United States,USA,GDP growth (annual %),NY.GDP.MKTP.KD.ZG,-0.256775736225364,1980
United States,USA,GDP growth (annual %),NY.GDP.MKTP.KD.ZG,2.53770126586743,1981
United States,USA,GDP growth (annual %),NY.GDP.MKTP.KD.ZG,-1.80301378017963,1982
United States,USA,GDP growth (annual %),NY.GDP.MKTP.KD.ZG,4.58379097983199,1983
United States,USA,GDP growth (annual %),NY.GDP.MKTP.KD.ZG,7.23645316716272,1984
United States,USA,GDP growth (annual %),NY.GDP.MKTP.KD.ZG,4.16957534780626,1985
United States,USA,GDP growth (annual %),NY.GDP.MKTP.KD.ZG,3.46265504853929,1986
United States,USA,GDP growth (annual %),NY.GDP.MKTP.KD.ZG,3.45462966726373,1987
United States,USA,GDP growth (annual %),NY.GDP.MKTP.KD.ZG,4.17698239554727,1988
United States,USA,GDP growth (annual %),NY.GDP.MKTP.KD.ZG,3.67223783532349,1989
United States,USA,GDP growth (annual %),NY.GDP.MKTP.KD.ZG,1.88596558335223,1990
United States,USA,GDP growth (annual %),NY.GDP.MKTP.KD.ZG,-0.108312881913292,1991
United States,USA,GDP growth (annual %),NY.GDP.MKTP.KD.ZG,3.52249717698845,1992
United States,USA,GDP growth (annual %),NY.GDP.MKTP.KD.ZG,2.7517958662618,1993
United States,USA,GDP growth (annual %),NY.GDP.MKTP.KD.ZG,4.02902272603258,1994
United States,USA,GDP growth (annual %),NY.GDP.MKTP.KD.ZG,2.68443073360764,1995
United States,USA,GDP growth (annual %),NY.GDP.MKTP.KD.ZG,3.77277269138068,1996
United States,USA,GDP growth (annual %),NY.GDP.MKTP.KD.ZG,4.44712793805328,1997
United States,USA,GDP growth (annual %),NY.GDP.MKTP.KD.ZG,4.48313335029331,1998
United States,USA,GDP growth (annual %),NY.GDP.MKTP.KD.ZG,4.78842504949371,1999
United States,USA,GDP growth (annual %),NY.GDP.MKTP.KD.ZG,4.07758576006954,2000
United States,USA,GDP growth (annual %),NY.GDP.MKTP.KD.ZG,0.95553834188668,2001
United States,USA,GDP growth (annual %),NY.GDP.MKTP.KD.ZG,1.7004473278454,2002
United States,USA,GDP growth (annual %),NY.GDP.MKTP.KD.ZG,2.79560596521233,2003
United States,USA,GDP growth (annual %),NY.GDP.MKTP.KD.ZG,3.84777169424153,2004
United States,USA,GDP growth (annual %),NY.GDP.MKTP.KD.ZG,3.48354993544559,2005
United States,USA,GDP growth (annual %),NY.GDP.MKTP.KD.ZG,2.78453963817891,2006
United States,USA,GDP growth (annual %),NY.GDP.MKTP.KD.ZG,2.00385829909158,2007
United States,USA,GDP growth (annual %),NY.GDP.MKTP.KD.ZG,0.113587248160997,2008
United States,USA,GDP growth (annual %),NY.GDP.MKTP.KD.ZG,-2.57650023225001,2009
United States,USA,GDP growth (annual %),NY.GDP.MKTP.KD.ZG,2.69519258234851,2010
United States,USA,GDP growth (annual %),NY.GDP.MKTP.KD.ZG,1.56440685537306,2011
United States,USA,GDP growth (annual %),NY.GDP.MKTP.KD.ZG,2.289113386319,2012
United States,USA,GDP growth (annual %),NY.GDP.MKTP.KD.ZG,2.11783009786468,2013
United States,USA,GDP growth (annual %),NY.GDP.MKTP.KD.ZG,2.52381981372621,2014
United States,USA,GDP growth (annual %),NY.GDP.MKTP.KD.ZG,2.94555045599772,2015
United States,USA,GDP growth (annual %),NY.GDP.MKTP.KD.ZG,1.81945147620522,2016
United States,USA,GDP growth (annual %),NY.GDP.MKTP.KD.ZG,2.45762230175086,2017
United States,USA,GDP growth (annual %),NY.GDP.MKTP.KD.ZG,2.96650506916596,2018
United States,USA,GDP growth (annual %),NY.GDP.MKTP.KD.ZG,2.58382533018889,2019
United States,USA,GDP growth (annual %),NY.GDP.MKTP.KD.ZG,-2.16302913866512,2020
United States,USA,GDP growth (annual %),NY.GDP.MKTP.KD.ZG,6.05505293304556,2021
United States,USA,GDP growth (annual %),NY.GDP.MKTP.KD.ZG,2.5123753198332,2022
United States,USA,GDP growth (annual %),NY.GDP.MKTP.KD.ZG,2.88755600905984,2023
